name,ra,dec,distance,radial_velocity,h1_21_cm_mag,h1_21_cm_50pc_width
SexA,152.7533,-4.6928, 1.32, 324, 11.88, 46
HIZSS003,105.1221,-4.2083, 1.67, 298, 13.83, 70
IC1613,16.1992,2.1333, 0.73,-232, 10.71, 27
KKH86,208.64,4.2431, 2.59, 287, 18.12, 14
Orion,86.2583,5.0683, 6.46, 368, 12.54,118
SexB,150.0004,5.3322, 1.36, 300, 12.33, 38
VCC0381,184.9754,6.6658, 4.71, 480, 16.34, 23
KK49,85.4229,6.6817, 5.15, 455, 15.06, 55
AGC191803,147.0246,7.1292,14.9, 535, 16.78, 55
A0554+07,89.4029,7.4919, 5.50, 428, 16.28, 50
AGC174605,117.5904,7.7944, 6.00, 351, 17.84, 24
UGC07636,187.5042,7.9294, 5.20, 469, 18.98, 25
HIPASSJ0630+08,97.5375,8.3769, 3.55, 367, 15.68, 33
UGC07596,187.1413,8.6397, 4.60, 565, 18.49, 27
AGC174585,114.0429,9.9864, 6.10, 356, 18.05, 21
UGC05456,151.8321,10.3622, 5.60, 527, 15.30, 62
UGC03755,108.4658,10.5219, 7.41, 311, 14.56, 34
GR8,194.6683,14.2175, 2.13, 217, 15.24, 26
UGC04115,119.2575,14.3908, 7.73, 343, 14.43, 78
LVJ1952+1428,298.0492,14.4733, 7.13, 279, 17.47, 28
LSBCD634-03,137.2229,14.5819, 9.55, 335, 18.99, 47
Pegasus,352.1421,14.7467, 0.76,-184, 13.90, 23
VCC0841,186.4458,14.9519, 7.90, 499, 17.79, 39
AGC748778,1.6433,15.5108, 5.40, 258, 18.21, 16
UGC02905,59.2525,16.5244, 5.83, 292, 15.76, 41
KK65,115.63,16.5611, 8.02, 281, 16.09, 33
UGC00685,16.8429,16.6839, 4.51, 156, 14.75, 64
DDO047,115.4792,16.8006, 8.05, 270, 13.33, 55
UGC02684,50.0988,17.295, 6.49, 350, 15.10, 79
UGC02716,51.03,17.7542, 6.40, 381, 15.67, 44
LeoP,155.4379,18.0881, 2.00, 262, 17.70, 16
KDG215,193.9187,19.2092, 5.50, 419, 15.79, 25
LVJ0913+1937,138.4125,19.6189, 4.43, 445, 17.90, 25
KDG056,142.5538,19.9917, 8.90, 561, 17.64, 25
LSBCD564-08,135.725,20.0753, 8.67, 483, 16.72, 49
LSBCD565-06,139.8725,21.6033, 9.08, 498, 18.77, 14
IC3840,192.9421,21.7353, 5.50, 557, 16.51, 33
LGS3,15.9792,21.885, 0.65,-286, 17.35, 18
DDO187,213.9854,23.0553, 2.20, 160, 14.89, 31
UGC08638,204.8308,24.7758, 4.27, 276, 16.29, 31
AGC198508,140.7375,24.9467,10.4, 519, 18.48, 29
AGC238890,203.1262,25.1236, 6.80, 360, 18.54, 20
NGC1156,44.9267,25.2375, 7.80, 373, 13.23, 68
AGC198507,138.8575,25.4194,21.7, 502, 17.82, 37
AGC229053,184.5646,25.5683,17.9, 425, 17.68, 40
LVJ0300+2546,45.1638,25.7822, 7.80, 308, 19.80, 19
AGC749241,190.0071,26.3219, 9.20, 451, 17.70, 18
KK13,25.57,26.3678, 7.20, 357, 17.12, 31
IC3308,186.3246,26.7147,12.8, 316, 14.94,125
KK15,26.6733,26.8014, 7.20, 366, 17.50, 22
AGC749236,186.4267,26.81,19.5, 273, 16.53, 53
AGC731448,155.9375,27.1108,13.5, 540, 17.47, 39
DDO154,193.5217,27.1486, 4.04, 374, 13.16, 80
KK14,26.1779,27.2878, 7.20, 420, 16.22, 28
AGC112521,25.2829,27.3239, 6.52, 274, 17.88, 26
IC1727,26.8754,27.3311, 7.20, 336, 12.94,129
AGC122226,41.6621,27.7264, 8.56, 472, 16.62, 29
IC3341,186.5975,27.7456,14, 372, 16.75, 65
AGC182595,132.8004,27.88, 6.10, 398, 18.10, 20
KK16,28.8358,27.9542, 5.47, 207, 17.42, 24
AGC731457,157.9825,28.0258, 9.20, 454, 17.92, 36
KK144,186.3663,28.4825, 6.15, 480, 15.12, 38
DDO068,149.1904,28.825, 9.80, 503, 13.97, 74
KK17,30.0413,28.8325, 4.90, 168, 17.44, 20
NGC0784,30.32,28.8436, 4.97, 193, 13.16, 88
UGC05427,151.1708,29.3664, 7.11, 498, 16.42, 71
KK127,183.3446,29.9217,17.3, 131, 16.18, 64
LVJ1000+3032,150.1521,30.5361, 7.10, 501, 19.26, 20
UGC12713,354.5604,30.7092,12.2, 295, 15.21, 95
UGC07131,182.2992,30.9067,16.8, 253, 15.47,117
KK78,147.5817,31.4567, 7.10, 539, 16.70, 20
DDO133,188.2208,31.5392, 4.85, 330, 13.77, 45
UGC05209,146.2675,32.2383, 6.56, 535, 17.05, 32
UGCA292,189.6667,32.7667, 3.61, 308, 15.03, 27
UGC05186,145.7492,33.2644, 8.30, 546, 16.97, 34
UGC03476,97.6217,33.3019, 7.01, 469, 14.68, 83
d0226+3325,36.72,33.4269, 9.30, 520, 15.67, 40
NGC4395,186.4575,33.5461, 4.61, 313, 11.53, 98
MAPS1236+33,189.2058,33.6133,11.7, 526, 17.49, 30
KKH18,45.7746,33.6944, 4.43, 216, 16.39, 34
LVJ0926+3343,141.5392,33.7178,19.7, 540, 16.39, 47
KK69,133.2113,33.7978, 7.70, 462, 16.50, 13
Halogas,36.8333,33.9583, 9.30, 528, 17.87, 28
UGC07605,187.1625,35.7181, 4.43, 310, 15.77, 26
UGC08833,208.7029,35.8375, 3.08, 221, 15.77, 28
NGC4163,183.0371,36.1694, 2.94, 162, 15.28, 32
NGC4214,183.9121,36.3275, 2.94, 291, 11.98, 61
LVJ0954+3620,148.7108,36.3339,15.4, 503, 18.78, 35
DDO147,191.7492,36.4764, 5.40, 331, 14.55, 30
NGC4190,183.4358,36.6333, 2.82, 235, 14.42, 49
DDO126,186.7713,37.1425, 4.88, 217, 14.23, 50
DDO127,187.1188,37.2333, 6.89, 275, 15.03, 54
IC4182,196.4554,37.6058, 4.70, 321, 13.30, 35
NGC4244,184.3746,37.8075, 4.49, 247, 11.02,170
BTS146,190.0087,38.0006, 8.50, 446, 18.05, 27
DDO183,207.7129,38.0211, 3.22, 188, 15.10, 29
IC3687,190.5629,38.5019, 4.57, 350, 14.38, 36
KKH98,356.3917,38.7178, 2.45,-132, 16.66, 21
Arp211,189.3388,38.7453, 6.61, 458, 16.54, 27
DDO099,177.7208,38.8806, 2.64, 251, 13.58, 34
UGC03600,103.9167,39.095, 7.24, 398, 15.69, 82
UGC12894,0.0938,39.4956, 8.47, 335, 15.66, 34
DDO046,115.3575,40.1125, 6.85, 364, 14.46, 74
AndIV,10.6254,40.5758, 6.31, 237, 14.02, 90
DDO181,204.9742,40.7392, 3.01, 214, 14.90, 39
DDO043,112.0717,40.7703, 5.73, 353, 14.99, 36
UGC00064,1.9333,40.8756, 9.60, 305, 14.30, 60
DDO217,352.4946,40.9903, 9.70, 424, 13.23,117
NGC4736,192.7229,41.1194, 4.66, 308, 13.36,207
UGC12588,351.1767,41.3481, 7.90, 425, 14.91, 90
LVJ1243+4127,190.9821,41.4569, 6.09, 402, 17.20, 16
NGC0205,10.0938,41.6864, 0.82,-221, 16.41, 42
DDO052,127.1188,41.8567,10.28, 396, 15.09, 83
MAPS1231+42,187.7875,42.0942, 5.80, 563, 19.10, 16
KK149,187.2179,42.1778, 8.90, 407, 16.15, 54
KK151,187.5992,42.9014, 6.56, 436, 16.66, 34
DDO129,187.1842,43.2242, 8.90, 538, 14.11, 43
UGC00288,7.2667,43.4317, 6.73, 187, 15.78, 36
DDO125,186.9242,43.4939, 2.74, 206, 14.31, 27
KK160,190.9892,43.6614, 4.31, 293, 17.52, 22
KK109,176.7967,43.6719, 4.51, 211, 17.76, 18
NGC5023,198.0496,44.0386, 6.61, 407, 13.30,178
NGC4449,187.0467,44.0944, 4.21, 201, 12.35, 98
MAPS1249+44,192.3792,44.3592, 7.84, 513, 17.59, 36
UGC03698,107.3283,44.38, 7.24, 421, 15.47, 38
NGC2337,107.5567,44.4569, 7.87, 433, 13.80,147
DDO190,216.1813,44.5258, 2.74, 150, 14.28, 45
NGC4460,187.1908,44.8644, 9.59, 499, 15.54, 90
UGC03817,110.6854,45.1083, 8.55, 437, 15.06, 35
NGC3741,174.0267,45.2853, 3.03, 229, 13.55, 83
DDO120,185.3125,45.8114, 7.06, 463, 15.05, 37
DDO168,198.6192,45.9194, 4.33, 191, 13.14, 59
NGC2537,123.3113,45.9906,12.2, 449, 14.42,100
CVnHI,185.1808,46.2092, 6.50, 420, 18.80, 20
DDO167,198.345,46.3197, 4.19, 150, 15.96, 19
NGC4144,182.4971,46.4572, 7.24, 265, 13.24,153
UGC08215,197.015,46.8281, 4.55, 224, 15.94, 25
BTS157,192.8054,47.0708, 8.83, 572, 18.15, 18
LVJ0737+4724,114.3688,47.4092,15.7, 404, 17.40, 39
NGC4248,184.4579,47.4092, 7.40, 484, 15.70, 66
DDO169,198.8779,47.4964, 4.41, 262, 14.68, 48
KKH38,101.9788,47.5139,19.3, 451, 15.41, 58
UGC07639,187.4708,47.53, 7.14, 385, 16.05, 39
DDO169NW,198.8338,47.5436, 4.20, 242, 16.52, 30
UGC02773,53.0296,47.7936, 5.40, 216, 13.93, 81
NGC5229,203.5121,47.9153, 8.00, 359, 14.16,126
NGC0185,9.7417,48.3361, 0.61,-203, 17.23, 36
UGCA281,186.5667,48.4919, 5.68, 279, 15.19, 47
UGC06541,173.3713,49.2381, 3.89, 249, 16.35, 26
UGC03501,99.66,49.2583,15.5, 451, 16.00, 60
NGC4707,192.0954,51.1647, 5.80, 468, 14.77, 67
KKH40,116.735,51.2961, 6.98, 445, 16.36, 27
UGC07267,183.8483,51.35,12.9, 473, 14.93,117
UGC07950,191.735,51.6131, 8.90, 508, 15.46, 57
NGC5238,203.6779,51.6139, 4.51, 229, 15.54, 40
UGC07298,184.1192,52.2272, 4.21, 174, 15.76, 21
MCG+09-20-131,183.9446,52.3875, 4.59, 159, 15.72, 27
NGC4068,181.01,52.5886, 4.31, 210, 13.85, 54
NGC5474,211.2587,53.6631, 7.20, 288, 12.52, 39
HolmIV,208.6879,53.9047, 7.21, 140, 14.24, 78
KDG192,190.9375,53.9589, 7.45, 443, 15.48, 69
MESSIER101,210.8033,54.3506, 7.38, 240, 10.39,147
NGC5477,211.3879,54.4608, 7.70, 312, 13.48, 53
NGC3738,173.9525,54.5228, 4.90, 225, 14.29, 78
LVJ1354+5438,208.7108,54.6472, 7.41, 210, 17.30, 27
KKH11,36.1458,56.0117, 3.00, 296, 14.06, 84
NGC5585,214.9512,56.7303, 5.70, 303, 12.56,145
KKH87,213.7892,57.0875, 7.20, 320, 15.64, 38
DDO194,218.8525,57.2567, 8.02, 218, 15.08, 86
NGC5204,202.4017,58.4178, 4.66, 201, 12.66,115
IC0010,5.1021,59.2917, 0.66,-346,  9.94, 62
MB1,38.8983,59.3797, 3.00, 190, 15.05, 50
KK251,307.6333,60.3536, 5.89, 130, 14.56, 52
KK252,307.8858,60.8133, 5.89, 138, 17.07, 28
UGC05497,153.2017,64.1075, 3.70, 150, 18.63, 16
DDO087,162.4021,65.5306, 7.45, 340, 14.60, 66
KDG063,151.2804,66.555, 3.50,-129, 16.27, 19
[CKT2009]d0958+66,149.7021,66.8497, 4.04,  90, 19.07, 22
UGC09992,235.4492,67.2542, 7.30, 423, 15.10, 49
KDG073,163.2379,69.5458, 3.70, 116, 17.40, 18
UGC04483,129.2625,69.7753, 3.21, 156, 14.57, 33
[CKT2009]d1028+70,157.1654,70.2336, 4.00,-114, 18.44, 20
KDG235,255.1054,70.29,10.6, 443, 16.28, 29
UGC05423,151.3775,70.3644, 8.71, 348, 15.92, 44
HolmII,124.7667,70.7142, 3.39, 157, 11.95, 64
KDG052,125.9833,71.0294, 3.55, 116, 15.94, 21
HolmI,145.1346,71.1864, 3.84, 139, 13.72, 29
KKH34,89.9217,73.4275, 4.61, 106, 17.26, 22
